topic,count,proportion
Robots,61,0.5495495495495496
Mobile Robots,50,0.45045045045045046
