topic,count,proportion
Robots,61,0.9838709677419355
Object Recognition,1,0.016129032258064516
