topic,count,proportion
Robots,29,0.9354838709677419
Mobile Robots,2,0.06451612903225806
