topic,count,proportion
Robotics,29,0.34523809523809523
Robots,29,0.34523809523809523
Manipulator,26,0.30952380952380953
