topic,count,proportion
Robots,41,0.6949152542372882
Manipulator,8,0.13559322033898305
Robotics,8,0.13559322033898305
Machine Learning,2,0.03389830508474576
