topic,count,proportion
Robots,25,0.6578947368421053
Robotics,12,0.3157894736842105
Clouds,1,0.02631578947368421
