topic,count,proportion
Robots,34,0.5151515151515151
Mobile Robots,32,0.48484848484848486
