topic,count,proportion
Robots,27,0.9310344827586207
Mobile Robots,2,0.06896551724137931
