topic,count,proportion
Robots,28,0.6222222222222222
Robotics,17,0.37777777777777777
