topic,count,proportion
Robots,30,0.6521739130434783
Manipulator,8,0.17391304347826086
Robotics,6,0.13043478260869565
Machine Learning,2,0.043478260869565216
