topic,count,proportion
Robots,41,0.9534883720930233
Mobile Robots,2,0.046511627906976744
