topic,count,proportion
Manipulator,29,0.9354838709677419
Robotics,1,0.03225806451612903
Robots,1,0.03225806451612903
