topic,count,proportion
3D Print,72,0.9863013698630136
Deep Learning,1,0.0136986301369863
