topic,count,proportion
Robots,73,0.5488721804511278
Mobile Robots,59,0.44360902255639095
Manipulator,1,0.007518796992481203
