topic,count,proportion
Robots,27,0.5192307692307693
Robotics,24,0.46153846153846156
Computer Vision,1,0.019230769230769232
