topic,count,proportion
Robots,44,0.7586206896551724
Unmanned Vehicle,12,0.20689655172413793
UGV,2,0.034482758620689655
