topic,count,proportion
Robots,32,0.9142857142857143
Manipulator,2,0.05714285714285714
Robotics,1,0.02857142857142857
