topic,count,proportion
Robots,28,0.5714285714285714
Robotics,21,0.42857142857142855
